"","Datum","PaNr","Tiefe","WLD","BLOCK","FRUFOL","Nduengung","Vord","TK","KULTUR1","Date","Jahr","Monat","Tiefe2","lnWLD","YearBlock","MainPlot"
"1",34870,11,15,2.542,"1","Gemüse","ohne N","Offi","15","WWeizen",1995-06-20,"1995","Jun",7.5,0.932951172767262,"1995_1","1995_1_Gemüse"
"2",34870,11,30,2.712,"1","Gemüse","ohne N","Offi","30","WWeizen",1995-06-20,"1995","Jun",22.5,0.997686370078149,"1995_1","1995_1_Gemüse"
"3",34870,11,45,0.855,"1","Gemüse","ohne N","Offi","45","WWeizen",1995-06-20,"1995","Jun",37.5,-0.156653810045377,"1995_1","1995_1_Gemüse"
"4",34870,11,60,2.016,"1","Gemüse","ohne N","Offi","60","WWeizen",1995-06-20,"1995","Jun",52.5,0.701115350209122,"1995_1","1995_1_Gemüse"
"5",34870,11,75,0.302,"1","Gemüse","ohne N","Offi","75","WWeizen",1995-06-20,"1995","Jun",67.5,-1.19732826160727,"1995_1","1995_1_Gemüse"
"6",34870,11,90,1.053,"1","Gemüse","ohne N","Offi","90","WWeizen",1995-06-20,"1995","Jun",82.5,0.0516432331518384,"1995_1","1995_1_Gemüse"
"7",34870,11,105,0.683,"1","Gemüse","ohne N","Offi","105","WWeizen",1995-06-20,"1995","Jun",97.5,-0.381260419411347,"1995_1","1995_1_Gemüse"
"8",34870,11,120,0.518,"1","Gemüse","ohne N","Offi","120","WWeizen",1995-06-20,"1995","Jun",112.5,-0.657780036722654,"1995_1","1995_1_Gemüse"
"9",34870,11,15,1.131,"1","Gemüse","normal","Offi","15","WWeizen",1995-06-20,"1995","Jun",7.5,0.123102197133983,"1995_1","1995_1_Gemüse"
"10",34870,11,30,2.212,"1","Gemüse","normal","Offi","30","WWeizen",1995-06-20,"1995","Jun",22.5,0.793897083660088,"1995_1","1995_1_Gemüse"
"11",34870,11,45,1.532,"1","Gemüse","normal","Offi","45","WWeizen",1995-06-20,"1995","Jun",37.5,0.4265740713184,"1995_1","1995_1_Gemüse"
"12",34870,11,60,1.182,"1","Gemüse","normal","Offi","60","WWeizen",1995-06-20,"1995","Jun",52.5,0.167207918983906,"1995_1","1995_1_Gemüse"
"13",34870,11,75,0.573,"1","Gemüse","normal","Offi","75","WWeizen",1995-06-20,"1995","Jun",67.5,-0.556869562267398,"1995_1","1995_1_Gemüse"
"14",34870,11,90,0.234,"1","Gemüse","normal","Offi","90","WWeizen",1995-06-20,"1995","Jun",82.5,-1.45243416362444,"1995_1","1995_1_Gemüse"
"15",34870,11,105,0.061,"1","Gemüse","normal","Offi","105","WWeizen",1995-06-20,"1995","Jun",97.5,-2.79688141480883,"1995_1","1995_1_Gemüse"
"16",34870,11,120,0.009,"1","Gemüse","normal","Offi","120","WWeizen",1995-06-20,"1995","Jun",112.5,-4.71053070164592,"1995_1","1995_1_Gemüse"
"17",34870,16,15,1.415,"1","Gemüse","ohne N","Red","15","WWeizen",1995-06-20,"1995","Jun",7.5,0.347129531095201,"1995_1","1995_1_Gemüse"
"18",34870,16,30,3.011,"1","Gemüse","ohne N","Red","30","WWeizen",1995-06-20,"1995","Jun",22.5,1.1022722494996,"1995_1","1995_1_Gemüse"
"19",34870,16,45,0.18,"1","Gemüse","ohne N","Red","45","WWeizen",1995-06-20,"1995","Jun",37.5,-1.71479842809193,"1995_1","1995_1_Gemüse"
"20",34870,16,60,0.912,"1","Gemüse","ohne N","Red","60","WWeizen",1995-06-20,"1995","Jun",52.5,-0.0921152889078056,"1995_1","1995_1_Gemüse"
"21",34870,16,75,0.628,"1","Gemüse","ohne N","Red","75","WWeizen",1995-06-20,"1995","Jun",67.5,-0.465215112513938,"1995_1","1995_1_Gemüse"
"22",34870,16,90,0.128,"1","Gemüse","ohne N","Red","90","WWeizen",1995-06-20,"1995","Jun",82.5,-2.05572501506252,"1995_1","1995_1_Gemüse"
"23",34870,16,105,0.216,"1","Gemüse","ohne N","Red","105","WWeizen",1995-06-20,"1995","Jun",97.5,-1.53247687129797,"1995_1","1995_1_Gemüse"
"24",34870,16,120,0.14,"1","Gemüse","ohne N","Red","120","WWeizen",1995-06-20,"1995","Jun",112.5,-1.96611285637283,"1995_1","1995_1_Gemüse"
"25",34870,16,15,1.579,"1","Gemüse","reduziert","Red","15","WWeizen",1995-06-20,"1995","Jun",7.5,0.456791735273505,"1995_1","1995_1_Gemüse"
"26",34870,16,30,1.313,"1","Gemüse","reduziert","Red","30","WWeizen",1995-06-20,"1995","Jun",22.5,0.272314595320659,"1995_1","1995_1_Gemüse"
"27",34870,16,45,0.677,"1","Gemüse","reduziert","Red","45","WWeizen",1995-06-20,"1995","Jun",37.5,-0.390084006069862,"1995_1","1995_1_Gemüse"
"28",34870,16,60,0.86,"1","Gemüse","reduziert","Red","60","WWeizen",1995-06-20,"1995","Jun",52.5,-0.150822889734584,"1995_1","1995_1_Gemüse"
"29",34870,16,75,0.643,"1","Gemüse","reduziert","Red","75","WWeizen",1995-06-20,"1995","Jun",67.5,-0.441610554744518,"1995_1","1995_1_Gemüse"
"30",34870,16,105,0.212,"1","Gemüse","reduziert","Red","105","WWeizen",1995-06-20,"1995","Jun",97.5,-1.55116900431012,"1995_1","1995_1_Gemüse"
"31",34870,16,120,0.153,"1","Gemüse","reduziert","Red","120","WWeizen",1995-06-20,"1995","Jun",112.5,-1.8773173575897,"1995_1","1995_1_Gemüse"
"32",34870,20,15,4.033,"1","Agrar","ohne N","Offi","15","WWeizen",1995-06-20,"1995","Jun",7.5,1.39451051589123,"1995_1","1995_1_Agrar"
"33",34870,20,30,1.172,"1","Agrar","ohne N","Offi","30","WWeizen",1995-06-20,"1995","Jun",22.5,0.158711691154821,"1995_1","1995_1_Agrar"
"34",34870,20,45,0.5,"1","Agrar","ohne N","Offi","45","WWeizen",1995-06-20,"1995","Jun",37.5,-0.693147180559945,"1995_1","1995_1_Agrar"
"35",34870,20,60,0.125,"1","Agrar","ohne N","Offi","60","WWeizen",1995-06-20,"1995","Jun",52.5,-2.07944154167984,"1995_1","1995_1_Agrar"
"36",34870,20,75,0.155,"1","Agrar","ohne N","Offi","75","WWeizen",1995-06-20,"1995","Jun",67.5,-1.86433016206289,"1995_1","1995_1_Agrar"
"37",34870,20,90,0.216,"1","Agrar","ohne N","Offi","90","WWeizen",1995-06-20,"1995","Jun",82.5,-1.53247687129797,"1995_1","1995_1_Agrar"
"38",34870,20,105,0.223,"1","Agrar","ohne N","Offi","105","WWeizen",1995-06-20,"1995","Jun",97.5,-1.50058350752202,"1995_1","1995_1_Agrar"
"39",34870,20,120,0.162,"1","Agrar","ohne N","Offi","120","WWeizen",1995-06-20,"1995","Jun",112.5,-1.82015894374975,"1995_1","1995_1_Agrar"
"40",34870,20,15,2.313,"1","Agrar","normal","Offi","15","WWeizen",1995-06-20,"1995","Jun",7.5,0.838545383249302,"1995_1","1995_1_Agrar"
"41",34870,20,30,2.259,"1","Agrar","normal","Offi","30","WWeizen",1995-06-20,"1995","Jun",22.5,0.814922237485866,"1995_1","1995_1_Agrar"
"42",34870,20,45,0.448,"1","Agrar","normal","Offi","45","WWeizen",1995-06-20,"1995","Jun",37.5,-0.802962046567152,"1995_1","1995_1_Agrar"
"43",34870,20,60,1.058,"1","Agrar","normal","Offi","60","WWeizen",1995-06-20,"1995","Jun",52.5,0.0563803334361077,"1995_1","1995_1_Agrar"
"44",34870,20,75,0.18,"1","Agrar","normal","Offi","75","WWeizen",1995-06-20,"1995","Jun",67.5,-1.71479842809193,"1995_1","1995_1_Agrar"
"45",34870,20,90,0.297,"1","Agrar","normal","Offi","90","WWeizen",1995-06-20,"1995","Jun",82.5,-1.21402314017944,"1995_1","1995_1_Agrar"
"46",34870,20,105,0.122,"1","Agrar","normal","Offi","105","WWeizen",1995-06-20,"1995","Jun",97.5,-2.10373423424888,"1995_1","1995_1_Agrar"
"47",34870,20,120,0.159,"1","Agrar","normal","Offi","120","WWeizen",1995-06-20,"1995","Jun",112.5,-1.83885107676191,"1995_1","1995_1_Agrar"
"48",34870,23,15,0.969,"1","Agrar","ohne N","Red","15","WWeizen",1995-06-20,"1995","Jun",7.5,-0.0314906670913708,"1995_1","1995_1_Agrar"
"49",34870,23,30,1.758,"1","Agrar","ohne N","Red","30","WWeizen",1995-06-20,"1995","Jun",22.5,0.564176799262985,"1995_1","1995_1_Agrar"
"50",34870,23,45,0.357,"1","Agrar","ohne N","Red","45","WWeizen",1995-06-20,"1995","Jun",37.5,-1.0300194972025,"1995_1","1995_1_Agrar"
"51",34870,23,60,0.204,"1","Agrar","ohne N","Red","60","WWeizen",1995-06-20,"1995","Jun",52.5,-1.58963528513792,"1995_1","1995_1_Agrar"
"52",34870,23,75,0.202,"1","Agrar","ohne N","Red","75","WWeizen",1995-06-20,"1995","Jun",67.5,-1.59948758158093,"1995_1","1995_1_Agrar"
"53",34870,23,90,0.266,"1","Agrar","ohne N","Red","90","WWeizen",1995-06-20,"1995","Jun",82.5,-1.32425897020044,"1995_1","1995_1_Agrar"
"54",34870,23,105,0.195,"1","Agrar","ohne N","Red","105","WWeizen",1995-06-20,"1995","Jun",97.5,-1.63475572041839,"1995_1","1995_1_Agrar"
"55",34870,23,120,0.109,"1","Agrar","ohne N","Red","120","WWeizen",1995-06-20,"1995","Jun",112.5,-2.21640739675299,"1995_1","1995_1_Agrar"
"56",34870,23,15,2.071,"1","Agrar","reduziert","Red","15","WWeizen",1995-06-20,"1995","Jun",7.5,0.728031582413447,"1995_1","1995_1_Agrar"
"57",34870,23,30,2.945,"1","Agrar","reduziert","Red","30","WWeizen",1995-06-20,"1995","Jun",22.5,1.08010881710355,"1995_1","1995_1_Agrar"
"58",34870,23,45,0.122,"1","Agrar","reduziert","Red","45","WWeizen",1995-06-20,"1995","Jun",37.5,-2.10373423424888,"1995_1","1995_1_Agrar"
"59",34870,23,60,0.149,"1","Agrar","reduziert","Red","60","WWeizen",1995-06-20,"1995","Jun",52.5,-1.90380897303668,"1995_1","1995_1_Agrar"
"60",34870,23,75,0.232,"1","Agrar","reduziert","Red","75","WWeizen",1995-06-20,"1995","Jun",67.5,-1.46101790731583,"1995_1","1995_1_Agrar"
"61",34870,23,90,0.362,"1","Agrar","reduziert","Red","90","WWeizen",1995-06-20,"1995","Jun",82.5,-1.01611106715637,"1995_1","1995_1_Agrar"
"62",34870,23,105,0.125,"1","Agrar","reduziert","Red","105","WWeizen",1995-06-20,"1995","Jun",97.5,-2.07944154167984,"1995_1","1995_1_Agrar"
"63",34870,23,120,0.205,"1","Agrar","reduziert","Red","120","WWeizen",1995-06-20,"1995","Jun",112.5,-1.58474529984373,"1995_1","1995_1_Agrar"
"64",34870,28,15,2.504,"2","Agrar","ohne N","Offi","15","WWeizen",1995-06-20,"1995","Jun",7.5,0.917889453237852,"1995_2","1995_2_Agrar"
"65",34870,28,30,1.047,"2","Agrar","ohne N","Offi","30","WWeizen",1995-06-20,"1995","Jun",22.5,0.0459289318883997,"1995_2","1995_2_Agrar"
"66",34870,28,45,0.381,"2","Agrar","ohne N","Offi","45","WWeizen",1995-06-20,"1995","Jun",37.5,-0.964955903855436,"1995_2","1995_2_Agrar"
"67",34870,28,60,0.112,"2","Agrar","ohne N","Offi","60","WWeizen",1995-06-20,"1995","Jun",52.5,-2.18925640768704,"1995_2","1995_2_Agrar"
"68",34870,28,75,0.172,"2","Agrar","ohne N","Offi","75","WWeizen",1995-06-20,"1995","Jun",67.5,-1.76026080216868,"1995_2","1995_2_Agrar"
"69",34870,28,90,0.097,"2","Agrar","ohne N","Offi","90","WWeizen",1995-06-20,"1995","Jun",82.5,-2.33304430047875,"1995_2","1995_2_Agrar"
"70",34870,28,105,0.02,"2","Agrar","ohne N","Offi","105","WWeizen",1995-06-20,"1995","Jun",97.5,-3.91202300542815,"1995_2","1995_2_Agrar"
"71",34870,28,120,0.02,"2","Agrar","ohne N","Offi","120","WWeizen",1995-06-20,"1995","Jun",112.5,-3.91202300542815,"1995_2","1995_2_Agrar"
"72",34870,28,15,1.884,"2","Agrar","normal","Offi","15","WWeizen",1995-06-20,"1995","Jun",7.5,0.633397176154171,"1995_2","1995_2_Agrar"
"73",34870,28,30,1.24,"2","Agrar","normal","Offi","30","WWeizen",1995-06-20,"1995","Jun",22.5,0.215111379616945,"1995_2","1995_2_Agrar"
"74",34870,28,45,0.179,"2","Agrar","normal","Offi","45","WWeizen",1995-06-20,"1995","Jun",37.5,-1.72036947314138,"1995_2","1995_2_Agrar"
"75",34870,28,60,0.211,"2","Agrar","normal","Offi","60","WWeizen",1995-06-20,"1995","Jun",52.5,-1.55589714550607,"1995_2","1995_2_Agrar"
"76",34870,28,75,0.531,"2","Agrar","normal","Offi","75","WWeizen",1995-06-20,"1995","Jun",67.5,-0.632993257740198,"1995_2","1995_2_Agrar"
"77",34870,28,90,0.62,"2","Agrar","normal","Offi","90","WWeizen",1995-06-20,"1995","Jun",82.5,-0.478035800943,"1995_2","1995_2_Agrar"
"78",34870,28,105,0.098,"2","Agrar","normal","Offi","105","WWeizen",1995-06-20,"1995","Jun",97.5,-2.32278780031156,"1995_2","1995_2_Agrar"
"79",34870,28,120,0.027,"2","Agrar","normal","Offi","120","WWeizen",1995-06-20,"1995","Jun",112.5,-3.61191841297781,"1995_2","1995_2_Agrar"
"80",34870,29,15,0.748,"2","Gemüse","ohne N","Red","15","WWeizen",1995-06-20,"1995","Jun",7.5,-0.29035230100766,"1995_2","1995_2_Gemüse"
"81",34870,29,30,1.79,"2","Gemüse","ohne N","Red","30","WWeizen",1995-06-20,"1995","Jun",22.5,0.582215619852664,"1995_2","1995_2_Gemüse"
"82",34870,29,45,1.167,"2","Gemüse","ohne N","Red","45","WWeizen",1995-06-20,"1995","Jun",37.5,0.154436353304419,"1995_2","1995_2_Gemüse"
"83",34870,29,60,0.396,"2","Gemüse","ohne N","Red","60","WWeizen",1995-06-20,"1995","Jun",52.5,-0.926341067727656,"1995_2","1995_2_Gemüse"
"84",34870,29,75,0.176,"2","Gemüse","ohne N","Red","75","WWeizen",1995-06-20,"1995","Jun",67.5,-1.73727128394399,"1995_2","1995_2_Gemüse"
"85",34870,29,90,0.226,"2","Gemüse","ohne N","Red","90","WWeizen",1995-06-20,"1995","Jun",82.5,-1.48722027970985,"1995_2","1995_2_Gemüse"
"86",34870,29,105,0.11,"2","Gemüse","ohne N","Red","105","WWeizen",1995-06-20,"1995","Jun",97.5,-2.20727491318972,"1995_2","1995_2_Gemüse"
"87",34870,29,120,0.155,"2","Gemüse","ohne N","Red","120","WWeizen",1995-06-20,"1995","Jun",112.5,-1.86433016206289,"1995_2","1995_2_Gemüse"
"88",34870,29,15,3.47,"2","Gemüse","reduziert","Red","15","WWeizen",1995-06-20,"1995","Jun",7.5,1.24415459395877,"1995_2","1995_2_Gemüse"
"89",34870,29,30,0.722,"2","Gemüse","reduziert","Red","30","WWeizen",1995-06-20,"1995","Jun",22.5,-0.325730140089311,"1995_2","1995_2_Gemüse"
"90",34870,29,45,0.599,"2","Gemüse","reduziert","Red","45","WWeizen",1995-06-20,"1995","Jun",37.5,-0.512493680866688,"1995_2","1995_2_Gemüse"
"91",34870,29,60,0.487,"2","Gemüse","reduziert","Red","60","WWeizen",1995-06-20,"1995","Jun",52.5,-0.719491155899547,"1995_2","1995_2_Gemüse"
"92",34870,29,75,0.144,"2","Gemüse","reduziert","Red","75","WWeizen",1995-06-20,"1995","Jun",67.5,-1.93794197940614,"1995_2","1995_2_Gemüse"
"93",34870,29,90,0.123,"2","Gemüse","reduziert","Red","90","WWeizen",1995-06-20,"1995","Jun",82.5,-2.09557092360972,"1995_2","1995_2_Gemüse"
"94",34870,29,105,0.128,"2","Gemüse","reduziert","Red","105","WWeizen",1995-06-20,"1995","Jun",97.5,-2.05572501506252,"1995_2","1995_2_Gemüse"
"95",34870,29,120,0.101,"2","Gemüse","reduziert","Red","120","WWeizen",1995-06-20,"1995","Jun",112.5,-2.29263476214088,"1995_2","1995_2_Gemüse"
"96",34870,33,15,NA,"2","Gemüse","ohne N",NA,"15","WWeizen",1995-06-20,"1995","Jun",7.5,NA,"1995_2","1995_2_Gemüse"
"97",34870,33,30,NA,"2","Gemüse","ohne N",NA,"30","WWeizen",1995-06-20,"1995","Jun",22.5,NA,"1995_2","1995_2_Gemüse"
"98",34870,33,45,2.767,"2","Gemüse","ohne N","Offi","45","WWeizen",1995-06-20,"1995","Jun",37.5,1.01776370080479,"1995_2","1995_2_Gemüse"
"99",34870,33,60,0.844,"2","Gemüse","ohne N","Offi","60","WWeizen",1995-06-20,"1995","Jun",52.5,-0.16960278438618,"1995_2","1995_2_Gemüse"
"100",34870,33,75,0.774,"2","Gemüse","ohne N","Offi","75","WWeizen",1995-06-20,"1995","Jun",67.5,-0.25618340539241,"1995_2","1995_2_Gemüse"
"101",34870,33,90,0.223,"2","Gemüse","ohne N","Offi","90","WWeizen",1995-06-20,"1995","Jun",82.5,-1.50058350752202,"1995_2","1995_2_Gemüse"
"102",34870,33,105,0.346,"2","Gemüse","ohne N","Offi","105","WWeizen",1995-06-20,"1995","Jun",97.5,-1.06131650392441,"1995_2","1995_2_Gemüse"
"103",34870,33,120,0.974,"2","Gemüse","ohne N","Offi","120","WWeizen",1995-06-20,"1995","Jun",112.5,-0.026343975339602,"1995_2","1995_2_Gemüse"
"104",34870,33,15,2.729,"2","Gemüse","normal","Offi","15","WWeizen",1995-06-20,"1995","Jun",7.5,1.0039352417262,"1995_2","1995_2_Gemüse"
"105",34870,33,30,1.527,"2","Gemüse","normal","Offi","30","WWeizen",1995-06-20,"1995","Jun",22.5,0.423305026236495,"1995_2","1995_2_Gemüse"
"106",34870,33,45,0.537,"2","Gemüse","normal","Offi","45","WWeizen",1995-06-20,"1995","Jun",37.5,-0.621757184473272,"1995_2","1995_2_Gemüse"
"107",34870,33,60,0.213,"2","Gemüse","normal","Offi","60","WWeizen",1995-06-20,"1995","Jun",52.5,-1.54646311327271,"1995_2","1995_2_Gemüse"
"108",34870,33,75,1.391,"2","Gemüse","normal","Offi","75","WWeizen",1995-06-20,"1995","Jun",67.5,0.330022912941306,"1995_2","1995_2_Gemüse"
"109",34870,33,90,0.17,"2","Gemüse","normal","Offi","90","WWeizen",1995-06-20,"1995","Jun",82.5,-1.77195684193188,"1995_2","1995_2_Gemüse"
"110",34870,33,105,0.049,"2","Gemüse","normal","Offi","105","WWeizen",1995-06-20,"1995","Jun",97.5,-3.01593498087151,"1995_2","1995_2_Gemüse"
"111",34870,33,120,0.039,"2","Gemüse","normal","Offi","120","WWeizen",1995-06-20,"1995","Jun",112.5,-3.24419363285249,"1995_2","1995_2_Gemüse"
"112",34870,34,15,3.489,"2","Agrar","ohne N","Red","15","WWeizen",1995-06-20,"1995","Jun",7.5,1.24961516220464,"1995_2","1995_2_Agrar"
"113",34870,34,30,NA,"2","Agrar","ohne N","Red","30","WWeizen",1995-06-20,"1995","Jun",22.5,NA,"1995_2","1995_2_Agrar"
"114",34870,34,60,0.056,"2","Agrar","ohne N","Red","60","WWeizen",1995-06-20,"1995","Jun",52.5,-2.88240358824699,"1995_2","1995_2_Agrar"
"115",34870,34,75,0.438,"2","Agrar","ohne N","Red","75","WWeizen",1995-06-20,"1995","Jun",67.5,-0.825536368605691,"1995_2","1995_2_Agrar"
"116",34870,34,90,0.08,"2","Agrar","ohne N","Red","90","WWeizen",1995-06-20,"1995","Jun",82.5,-2.52572864430826,"1995_2","1995_2_Agrar"
"117",34870,34,105,0.274,"2","Agrar","ohne N","Red","105","WWeizen",1995-06-20,"1995","Jun",97.5,-1.29462717259407,"1995_2","1995_2_Agrar"
"118",34870,34,120,0.168,"2","Agrar","ohne N","Red","120","WWeizen",1995-06-20,"1995","Jun",112.5,-1.78379129957888,"1995_2","1995_2_Agrar"
"119",34870,34,15,0.774,"2","Agrar","reduziert","Red","15","WWeizen",1995-06-20,"1995","Jun",7.5,-0.25618340539241,"1995_2","1995_2_Agrar"
"120",34870,34,30,0.305,"2","Agrar","reduziert","Red","30","WWeizen",1995-06-20,"1995","Jun",22.5,-1.18744350237473,"1995_2","1995_2_Agrar"
"121",34870,34,45,0.35,"2","Agrar","reduziert","Red","45","WWeizen",1995-06-20,"1995","Jun",37.5,-1.04982212449868,"1995_2","1995_2_Agrar"
"122",34870,34,60,0.134,"2","Agrar","reduziert","Red","60","WWeizen",1995-06-20,"1995","Jun",52.5,-2.00991547903123,"1995_2","1995_2_Agrar"
"123",34870,34,75,0.189,"2","Agrar","reduziert","Red","75","WWeizen",1995-06-20,"1995","Jun",67.5,-1.66600826392249,"1995_2","1995_2_Agrar"
"124",34870,34,90,0.115,"2","Agrar","reduziert","Red","90","WWeizen",1995-06-20,"1995","Jun",82.5,-2.16282315061889,"1995_2","1995_2_Agrar"
"125",34870,34,120,0,"2","Agrar","reduziert","Red","120","WWeizen",1995-06-20,"1995","Jun",112.5,-Inf,"1995_2","1995_2_Agrar"
"126",34870,55,15,NA,"3","Agrar","ohne N","Red","15","WWeizen",1995-06-20,"1995","Jun",7.5,NA,"1995_3","1995_3_Agrar"
"127",34870,55,30,0.358,"3","Agrar","ohne N","Red","30","WWeizen",1995-06-20,"1995","Jun",22.5,-1.02722229258144,"1995_3","1995_3_Agrar"
"128",34870,55,45,0.243,"3","Agrar","ohne N","Red","45","WWeizen",1995-06-20,"1995","Jun",37.5,-1.41469383564159,"1995_3","1995_3_Agrar"
"129",34870,55,60,0.084,"3","Agrar","ohne N","Red","60","WWeizen",1995-06-20,"1995","Jun",52.5,-2.47693848013882,"1995_3","1995_3_Agrar"
"130",34870,55,75,0.143,"3","Agrar","ohne N","Red","75","WWeizen",1995-06-20,"1995","Jun",67.5,-1.94491064872223,"1995_3","1995_3_Agrar"
"131",34870,55,90,0.122,"3","Agrar","ohne N","Red","90","WWeizen",1995-06-20,"1995","Jun",82.5,-2.10373423424888,"1995_3","1995_3_Agrar"
"132",34870,55,105,0.142,"3","Agrar","ohne N","Red","105","WWeizen",1995-06-20,"1995","Jun",97.5,-1.95192822138088,"1995_3","1995_3_Agrar"
"133",34870,55,120,0.055,"3","Agrar","ohne N","Red","120","WWeizen",1995-06-20,"1995","Jun",112.5,-2.90042209374967,"1995_3","1995_3_Agrar"
"134",34870,55,15,2.149,"3","Agrar","reduziert","Red","15","WWeizen",1995-06-20,"1995","Jun",7.5,0.765002617660373,"1995_3","1995_3_Agrar"
"135",34870,55,30,0.272,"3","Agrar","reduziert","Red","30","WWeizen",1995-06-20,"1995","Jun",22.5,-1.30195321268614,"1995_3","1995_3_Agrar"
"136",34870,55,45,0.099,"3","Agrar","reduziert","Red","45","WWeizen",1995-06-20,"1995","Jun",37.5,-2.31263542884755,"1995_3","1995_3_Agrar"
"137",34870,55,60,0.234,"3","Agrar","reduziert","Red","60","WWeizen",1995-06-20,"1995","Jun",52.5,-1.45243416362444,"1995_3","1995_3_Agrar"
"138",34870,55,75,0.109,"3","Agrar","reduziert","Red","75","WWeizen",1995-06-20,"1995","Jun",67.5,-2.21640739675299,"1995_3","1995_3_Agrar"
"139",34870,55,90,0.078,"3","Agrar","reduziert","Red","90","WWeizen",1995-06-20,"1995","Jun",82.5,-2.55104645229255,"1995_3","1995_3_Agrar"
"140",34870,55,105,0.121,"3","Agrar","reduziert","Red","105","WWeizen",1995-06-20,"1995","Jun",97.5,-2.1119647333854,"1995_3","1995_3_Agrar"
"141",34870,55,120,0.09,"3","Agrar","reduziert","Red","120","WWeizen",1995-06-20,"1995","Jun",112.5,-2.40794560865187,"1995_3","1995_3_Agrar"
"142",34870,60,15,0.295,"3","Agrar","ohne N","Offi","15","WWeizen",1995-06-20,"1995","Jun",7.5,-1.22077992264232,"1995_3","1995_3_Agrar"
"143",34870,60,30,0.204,"3","Agrar","ohne N","Offi","30","WWeizen",1995-06-20,"1995","Jun",22.5,-1.58963528513792,"1995_3","1995_3_Agrar"
"144",34870,60,45,0.719,"3","Agrar","ohne N","Offi","45","WWeizen",1995-06-20,"1995","Jun",37.5,-0.32989392126109,"1995_3","1995_3_Agrar"
"145",34870,60,60,NA,"3","Agrar","ohne N","Offi","60","WWeizen",1995-06-20,"1995","Jun",52.5,NA,"1995_3","1995_3_Agrar"
"146",34870,60,75,0.185,"3","Agrar","ohne N","Offi","75","WWeizen",1995-06-20,"1995","Jun",67.5,-1.68739945390381,"1995_3","1995_3_Agrar"
"147",34870,60,90,0.097,"3","Agrar","ohne N","Offi","90","WWeizen",1995-06-20,"1995","Jun",82.5,-2.33304430047875,"1995_3","1995_3_Agrar"
"148",34870,60,105,0.095,"3","Agrar","ohne N","Offi","105","WWeizen",1995-06-20,"1995","Jun",97.5,-2.3538783873816,"1995_3","1995_3_Agrar"
"149",34870,60,120,0.049,"3","Agrar","ohne N","Offi","120","WWeizen",1995-06-20,"1995","Jun",112.5,-3.01593498087151,"1995_3","1995_3_Agrar"
"150",34870,60,15,0.722,"3","Agrar","normal","Offi","15","WWeizen",1995-06-20,"1995","Jun",7.5,-0.325730140089311,"1995_3","1995_3_Agrar"
"151",34870,60,30,0.633,"3","Agrar","normal","Offi","30","WWeizen",1995-06-20,"1995","Jun",22.5,-0.457284856837961,"1995_3","1995_3_Agrar"
"152",34870,60,45,0.156,"3","Agrar","normal","Offi","45","WWeizen",1995-06-20,"1995","Jun",37.5,-1.8578992717326,"1995_3","1995_3_Agrar"
"153",34870,60,60,0.067,"3","Agrar","normal","Offi","60","WWeizen",1995-06-20,"1995","Jun",52.5,-2.70306265959117,"1995_3","1995_3_Agrar"
"154",34870,60,75,0.168,"3","Agrar","normal","Offi","75","WWeizen",1995-06-20,"1995","Jun",67.5,-1.78379129957888,"1995_3","1995_3_Agrar"
"155",34870,60,90,0.051,"3","Agrar","normal","Offi","90","WWeizen",1995-06-20,"1995","Jun",82.5,-2.97592964625781,"1995_3","1995_3_Agrar"
"156",34870,60,105,0.039,"3","Agrar","normal","Offi","105","WWeizen",1995-06-20,"1995","Jun",97.5,-3.24419363285249,"1995_3","1995_3_Agrar"
"157",34870,60,120,0.022,"3","Agrar","normal","Offi","120","WWeizen",1995-06-20,"1995","Jun",112.5,-3.81671282562382,"1995_3","1995_3_Agrar"
"158",34870,73,15,0.693,"3","Gemüse","ohne N","Red","15","WWeizen",1995-06-20,"1995","Jun",7.5,-0.366725279792234,"1995_3","1995_3_Gemüse"
"159",34870,73,30,0.742,"3","Gemüse","ohne N","Red","30","WWeizen",1995-06-20,"1995","Jun",22.5,-0.298406035814757,"1995_3","1995_3_Gemüse"
"160",34870,73,45,0.628,"3","Gemüse","ohne N","Red","45","WWeizen",1995-06-20,"1995","Jun",37.5,-0.465215112513938,"1995_3","1995_3_Gemüse"
"161",34870,73,60,0.271,"3","Gemüse","ohne N","Red","60","WWeizen",1995-06-20,"1995","Jun",52.5,-1.30563645810244,"1995_3","1995_3_Gemüse"
"162",34870,73,75,0.323,"3","Gemüse","ohne N","Red","75","WWeizen",1995-06-20,"1995","Jun",67.5,-1.13010295575948,"1995_3","1995_3_Gemüse"
"163",34870,73,90,NA,"3","Gemüse","ohne N","Red","90","WWeizen",1995-06-20,"1995","Jun",82.5,NA,"1995_3","1995_3_Gemüse"
"164",34870,73,105,NA,"3","Gemüse","ohne N","Red","105","WWeizen",1995-06-20,"1995","Jun",97.5,NA,"1995_3","1995_3_Gemüse"
"165",34870,73,120,NA,"3","Gemüse","ohne N","Red","120","WWeizen",1995-06-20,"1995","Jun",112.5,NA,"1995_3","1995_3_Gemüse"
"166",34870,73,15,1.214,"3","Gemüse","reduziert","Red","15","WWeizen",1995-06-20,"1995","Jun",7.5,0.193920692637306,"1995_3","1995_3_Gemüse"
"167",34870,73,30,0.3,"3","Gemüse","reduziert","Red","30","WWeizen",1995-06-20,"1995","Jun",22.5,-1.20397280432594,"1995_3","1995_3_Gemüse"
"168",34870,73,45,1.282,"3","Gemüse","reduziert","Red","45","WWeizen",1995-06-20,"1995","Jun",37.5,0.248421358498478,"1995_3","1995_3_Gemüse"
"169",34870,73,60,0.18,"3","Gemüse","reduziert","Red","60","WWeizen",1995-06-20,"1995","Jun",52.5,-1.71479842809193,"1995_3","1995_3_Gemüse"
"170",34870,73,75,0.142,"3","Gemüse","reduziert","Red","75","WWeizen",1995-06-20,"1995","Jun",67.5,-1.95192822138088,"1995_3","1995_3_Gemüse"
"171",34870,73,105,0.183,"3","Gemüse","reduziert","Red","105","WWeizen",1995-06-20,"1995","Jun",97.5,-1.69826912614072,"1995_3","1995_3_Gemüse"
"172",34870,73,120,0.178,"3","Gemüse","reduziert","Red","120","WWeizen",1995-06-20,"1995","Jun",112.5,-1.72597172869005,"1995_3","1995_3_Gemüse"
"173",34870,74,15,1.712,"3","Gemüse","ohne N","Offi","15","WWeizen",1995-06-20,"1995","Jun",7.5,0.53766227771955,"1995_3","1995_3_Gemüse"
"174",34870,74,30,0.701,"3","Gemüse","ohne N","Offi","30","WWeizen",1995-06-20,"1995","Jun",22.5,-0.355247391947547,"1995_3","1995_3_Gemüse"
"175",34870,34,45,0.147,"3","Gemüse","ohne N","Offi","45","WWeizen",1995-06-20,"1995","Jun",37.5,-1.9173226922034,"1995_3","1995_3_Gemüse"
"176",34870,74,45,0.179,"3","Gemüse","ohne N","Offi","45","WWeizen",1995-06-20,"1995","Jun",37.5,-1.72036947314138,"1995_3","1995_3_Gemüse"
"177",34870,74,60,0.289,"3","Gemüse","ohne N","Offi","60","WWeizen",1995-06-20,"1995","Jun",52.5,-1.2413285908697,"1995_3","1995_3_Gemüse"
"178",34870,74,75,0.124,"3","Gemüse","ohne N","Offi","75","WWeizen",1995-06-20,"1995","Jun",67.5,-2.0874737133771,"1995_3","1995_3_Gemüse"
"179",34870,74,90,0.149,"3","Gemüse","ohne N","Offi","90","WWeizen",1995-06-20,"1995","Jun",82.5,-1.90380897303668,"1995_3","1995_3_Gemüse"
"180",34870,74,105,0.091,"3","Gemüse","ohne N","Offi","105","WWeizen",1995-06-20,"1995","Jun",97.5,-2.39689577246529,"1995_3","1995_3_Gemüse"
"181",34870,74,120,0.169,"3","Gemüse","ohne N","Offi","120","WWeizen",1995-06-20,"1995","Jun",112.5,-1.77785656405906,"1995_3","1995_3_Gemüse"
"182",34870,74,15,1.047,"3","Gemüse","normal","Offi","15","WWeizen",1995-06-20,"1995","Jun",7.5,0.0459289318883997,"1995_3","1995_3_Gemüse"
"183",34870,74,30,1.261,"3","Gemüse","normal","Offi","30","WWeizen",1995-06-20,"1995","Jun",22.5,0.231905056982782,"1995_3","1995_3_Gemüse"
"184",34870,74,45,0.065,"3","Gemüse","normal","Offi","45","WWeizen",1995-06-20,"1995","Jun",37.5,-2.7333680090865,"1995_3","1995_3_Gemüse"
"185",34870,74,60,0.154,"3","Gemüse","normal","Offi","60","WWeizen",1995-06-20,"1995","Jun",52.5,-1.87080267656851,"1995_3","1995_3_Gemüse"
"186",34870,74,75,0.416,"3","Gemüse","normal","Offi","75","WWeizen",1995-06-20,"1995","Jun",67.5,-0.877070018720874,"1995_3","1995_3_Gemüse"
"187",34870,74,90,0.139,"3","Gemüse","normal","Offi","90","WWeizen",1995-06-20,"1995","Jun",82.5,-1.97328134585145,"1995_3","1995_3_Gemüse"
"188",34870,74,105,0.06,"3","Gemüse","normal","Offi","105","WWeizen",1995-06-20,"1995","Jun",97.5,-2.81341071676004,"1995_3","1995_3_Gemüse"
"189",34870,74,120,0.152,"3","Gemüse","normal","Offi","120","WWeizen",1995-06-20,"1995","Jun",112.5,-1.88387475813586,"1995_3","1995_3_Gemüse"
"190",35241,3,15,3.451,"1","Agrar","normal",NA,"15","WWeizen",1996-06-25,"1996","Jun",7.5,1.23866404411587,"1996_1","1996_1_Agrar"
"191",35241,3,30,3.611,"1","Agrar","normal",NA,"30","WWeizen",1996-06-25,"1996","Jun",22.5,1.28398474229532,"1996_1","1996_1_Agrar"
"192",35241,3,45,1.538,"1","Agrar","normal",NA,"45","WWeizen",1996-06-25,"1996","Jun",37.5,0.430482871083452,"1996_1","1996_1_Agrar"
"193",35241,3,60,0.849,"1","Agrar","normal",NA,"60","WWeizen",1996-06-25,"1996","Jun",52.5,-0.16369609267079,"1996_1","1996_1_Agrar"
"194",35241,3,75,0.043,"1","Agrar","normal",NA,"75","WWeizen",1996-06-25,"1996","Jun",67.5,-3.14655516328857,"1996_1","1996_1_Agrar"
"195",35241,3,90,0.079,"1","Agrar","normal",NA,"90","WWeizen",1996-06-25,"1996","Jun",82.5,-2.53830742651512,"1996_1","1996_1_Agrar"
"196",35241,3,105,0.067,"1","Agrar","normal",NA,"105","WWeizen",1996-06-25,"1996","Jun",97.5,-2.70306265959117,"1996_1","1996_1_Agrar"
"197",35241,3,120,0.02,"1","Agrar","normal",NA,"120","WWeizen",1996-06-25,"1996","Jun",112.5,-3.91202300542815,"1996_1","1996_1_Agrar"
"198",35241,8,15,3.564,"1","Agrar","reduziert",NA,"15","WWeizen",1996-06-25,"1996","Jun",7.5,1.27088350960856,"1996_1","1996_1_Agrar"
"199",35241,8,30,3.902,"1","Agrar","reduziert",NA,"30","WWeizen",1996-06-25,"1996","Jun",22.5,1.36148924220092,"1996_1","1996_1_Agrar"
"200",35241,8,45,1.032,"1","Agrar","reduziert",NA,"45","WWeizen",1996-06-25,"1996","Jun",37.5,0.031498667059371,"1996_1","1996_1_Agrar"
"201",35241,8,60,0.61,"1","Agrar","reduziert",NA,"60","WWeizen",1996-06-25,"1996","Jun",52.5,-0.49429632181478,"1996_1","1996_1_Agrar"
"202",35241,8,75,0.094,"1","Agrar","reduziert",NA,"75","WWeizen",1996-06-25,"1996","Jun",67.5,-2.36446049671213,"1996_1","1996_1_Agrar"
"203",35241,8,90,0.005,"1","Agrar","reduziert",NA,"90","WWeizen",1996-06-25,"1996","Jun",82.5,-5.29831736654804,"1996_1","1996_1_Agrar"
"204",35241,8,105,0.005,"1","Agrar","reduziert",NA,"105","WWeizen",1996-06-25,"1996","Jun",97.5,-5.29831736654804,"1996_1","1996_1_Agrar"
"205",35241,8,120,0.006,"1","Agrar","reduziert",NA,"120","WWeizen",1996-06-25,"1996","Jun",112.5,-5.11599580975408,"1996_1","1996_1_Agrar"
"206",35241,18,15,3.798,"1","Gemüse","reduziert",NA,"15","WWeizen",1996-06-25,"1996","Jun",7.5,1.33447461239009,"1996_1","1996_1_Gemüse"
"207",35241,18,30,3.104,"1","Gemüse","reduziert",NA,"30","WWeizen",1996-06-25,"1996","Jun",22.5,1.13269160232097,"1996_1","1996_1_Gemüse"
"208",35241,18,45,1.068,"1","Gemüse","reduziert",NA,"45","WWeizen",1996-06-25,"1996","Jun",37.5,0.0657877405380032,"1996_1","1996_1_Gemüse"
"209",35241,18,60,0.816,"1","Gemüse","reduziert",NA,"60","WWeizen",1996-06-25,"1996","Jun",52.5,-0.20334092401803,"1996_1","1996_1_Gemüse"
"210",35241,18,75,0.517,"1","Gemüse","reduziert",NA,"75","WWeizen",1996-06-25,"1996","Jun",67.5,-0.659712404473708,"1996_1","1996_1_Gemüse"
"211",35241,18,90,0.238,"1","Gemüse","reduziert",NA,"90","WWeizen",1996-06-25,"1996","Jun",82.5,-1.43548460531066,"1996_1","1996_1_Gemüse"
"212",35241,18,105,0.146,"1","Gemüse","reduziert",NA,"105","WWeizen",1996-06-25,"1996","Jun",97.5,-1.9241486572738,"1996_1","1996_1_Gemüse"
"213",35241,18,120,0.227,"1","Gemüse","reduziert",NA,"120","WWeizen",1996-06-25,"1996","Jun",112.5,-1.48280526150073,"1996_1","1996_1_Gemüse"
"214",35241,25,15,2.762,"1","Gemüse","normal",NA,"15","WWeizen",1996-06-25,"1996","Jun",7.5,1.0159550549871,"1996_1","1996_1_Gemüse"
"215",35241,25,30,1.838,"1","Gemüse","normal",NA,"30","WWeizen",1996-06-25,"1996","Jun",22.5,0.608678023933495,"1996_1","1996_1_Gemüse"
"216",35241,25,45,0.336,"1","Gemüse","normal",NA,"45","WWeizen",1996-06-25,"1996","Jun",37.5,-1.09064411901893,"1996_1","1996_1_Gemüse"
"217",35241,25,60,0.041,"1","Gemüse","normal",NA,"60","WWeizen",1996-06-25,"1996","Jun",52.5,-3.19418321227783,"1996_1","1996_1_Gemüse"
"218",35241,25,75,0.011,"1","Gemüse","normal",NA,"75","WWeizen",1996-06-25,"1996","Jun",67.5,-4.50986000618377,"1996_1","1996_1_Gemüse"
"219",35241,25,90,0.008,"1","Gemüse","normal",NA,"90","WWeizen",1996-06-25,"1996","Jun",82.5,-4.8283137373023,"1996_1","1996_1_Gemüse"
"220",35241,25,105,0.005,"1","Gemüse","normal",NA,"105","WWeizen",1996-06-25,"1996","Jun",97.5,-5.29831736654804,"1996_1","1996_1_Gemüse"
"221",35241,25,120,0.001,"1","Gemüse","normal",NA,"120","WWeizen",1996-06-25,"1996","Jun",112.5,-6.90775527898214,"1996_1","1996_1_Gemüse"
"222",35241,27,15,2.476,"2","Gemüse","normal",NA,"15","WWeizen",1996-06-25,"1996","Jun",7.5,0.90664435482235,"1996_2","1996_2_Gemüse"
"223",35241,27,30,1.547,"2","Gemüse","normal",NA,"30","WWeizen",1996-06-25,"1996","Jun",22.5,0.436317571590929,"1996_2","1996_2_Gemüse"
"224",35241,27,45,0.943,"2","Gemüse","normal",NA,"45","WWeizen",1996-06-25,"1996","Jun",37.5,-0.0586889963486796,"1996_2","1996_2_Gemüse"
"225",35241,27,60,0.795,"2","Gemüse","normal",NA,"60","WWeizen",1996-06-25,"1996","Jun",52.5,-0.229413164327805,"1996_2","1996_2_Gemüse"
"226",35241,27,75,0.104,"2","Gemüse","normal",NA,"75","WWeizen",1996-06-25,"1996","Jun",67.5,-2.26336437984076,"1996_2","1996_2_Gemüse"
"227",35241,27,90,0.105,"2","Gemüse","normal",NA,"90","WWeizen",1996-06-25,"1996","Jun",82.5,-2.25379492882461,"1996_2","1996_2_Gemüse"
"228",35241,27,105,0.009,"2","Gemüse","normal",NA,"105","WWeizen",1996-06-25,"1996","Jun",97.5,-4.71053070164592,"1996_2","1996_2_Gemüse"
"229",35241,27,120,0.016,"2","Gemüse","normal",NA,"120","WWeizen",1996-06-25,"1996","Jun",112.5,-4.13516655674236,"1996_2","1996_2_Gemüse"
"230",35241,35,15,3.873,"2","Gemüse","reduziert",NA,"15","WWeizen",1996-06-25,"1996","Jun",7.5,1.35402940053262,"1996_2","1996_2_Gemüse"
"231",35241,35,30,4.979,"2","Gemüse","reduziert",NA,"30","WWeizen",1996-06-25,"1996","Jun",22.5,1.60522906766005,"1996_2","1996_2_Gemüse"
"232",35241,35,60,1.707,"2","Gemüse","reduziert",NA,"60","WWeizen",1996-06-25,"1996","Jun",52.5,0.534737443812304,"1996_2","1996_2_Gemüse"
"233",35241,35,45,1.743,"2","Gemüse","reduziert",NA,"45","WWeizen",1996-06-25,"1996","Jun",37.5,0.555607766537884,"1996_2","1996_2_Gemüse"
"234",35241,35,75,0.544,"2","Gemüse","reduziert",NA,"75","WWeizen",1996-06-25,"1996","Jun",67.5,-0.608806032126194,"1996_2","1996_2_Gemüse"
"235",35241,35,90,0.513,"2","Gemüse","reduziert",NA,"90","WWeizen",1996-06-25,"1996","Jun",82.5,-0.667479433811368,"1996_2","1996_2_Gemüse"
"236",35241,35,105,0.018,"2","Gemüse","reduziert",NA,"105","WWeizen",1996-06-25,"1996","Jun",97.5,-4.01738352108597,"1996_2","1996_2_Gemüse"
"237",35241,35,120,0.039,"2","Gemüse","reduziert",NA,"120","WWeizen",1996-06-25,"1996","Jun",112.5,-3.24419363285249,"1996_2","1996_2_Gemüse"
"238",35241,38,15,4.202,"2","Agrar","normal",NA,"15","WWeizen",1996-06-25,"1996","Jun",7.5,1.43556060242281,"1996_2","1996_2_Agrar"
"239",35241,38,30,4.475,"2","Agrar","normal",NA,"30","WWeizen",1996-06-25,"1996","Jun",22.5,1.49850635172682,"1996_2","1996_2_Agrar"
"240",35241,38,45,1.727,"2","Agrar","normal",NA,"45","WWeizen",1996-06-25,"1996","Jun",37.5,0.546385799164542,"1996_2","1996_2_Agrar"
"241",35241,38,60,0.158,"2","Agrar","normal",NA,"60","WWeizen",1996-06-25,"1996","Jun",52.5,-1.84516024595517,"1996_2","1996_2_Agrar"
"242",35241,38,75,0.035,"2","Agrar","normal",NA,"75","WWeizen",1996-06-25,"1996","Jun",67.5,-3.35240721749272,"1996_2","1996_2_Agrar"
"243",35241,38,90,0.091,"2","Agrar","normal",NA,"90","WWeizen",1996-06-25,"1996","Jun",82.5,-2.39689577246529,"1996_2","1996_2_Agrar"
"244",35241,38,105,0.007,"2","Agrar","normal",NA,"105","WWeizen",1996-06-25,"1996","Jun",97.5,-4.96184512992682,"1996_2","1996_2_Agrar"
"245",35241,38,120,0.008,"2","Agrar","normal",NA,"120","WWeizen",1996-06-25,"1996","Jun",112.5,-4.8283137373023,"1996_2","1996_2_Agrar"
"246",35241,41,15,3.753,"2","Agrar","reduziert",NA,"15","WWeizen",1996-06-25,"1996","Jun",7.5,1.32255552015288,"1996_2","1996_2_Agrar"
"247",35241,41,30,4.541,"2","Agrar","reduziert",NA,"30","WWeizen",1996-06-25,"1996","Jun",22.5,1.51314725211581,"1996_2","1996_2_Agrar"
"248",35241,41,45,3.267,"2","Agrar","reduziert",NA,"45","WWeizen",1996-06-25,"1996","Jun",37.5,1.18387213261893,"1996_2","1996_2_Agrar"
"249",35241,41,60,0.132,"2","Agrar","reduziert",NA,"60","WWeizen",1996-06-25,"1996","Jun",52.5,-2.02495335639577,"1996_2","1996_2_Agrar"
"250",35241,41,75,0.01,"2","Agrar","reduziert",NA,"75","WWeizen",1996-06-25,"1996","Jun",67.5,-4.60517018598809,"1996_2","1996_2_Agrar"
"251",35241,41,90,0.007,"2","Agrar","reduziert",NA,"90","WWeizen",1996-06-25,"1996","Jun",82.5,-4.96184512992682,"1996_2","1996_2_Agrar"
"252",35241,41,105,0.005,"2","Agrar","reduziert",NA,"105","WWeizen",1996-06-25,"1996","Jun",97.5,-5.29831736654804,"1996_2","1996_2_Agrar"
"253",35241,41,120,0.034,"2","Agrar","reduziert",NA,"120","WWeizen",1996-06-25,"1996","Jun",112.5,-3.38139475436598,"1996_2","1996_2_Agrar"
"254",35241,54,15,4.596,"3","Agrar","normal",NA,"15","WWeizen",1996-06-25,"1996","Jun",7.5,1.52518635998651,"1996_3","1996_3_Agrar"
"255",35241,54,30,3.206,"3","Agrar","normal",NA,"30","WWeizen",1996-06-25,"1996","Jun",22.5,1.16502405418736,"1996_3","1996_3_Agrar"
"256",35241,54,45,0.617,"3","Agrar","normal",NA,"45","WWeizen",1996-06-25,"1996","Jun",37.5,-0.482886255076749,"1996_3","1996_3_Agrar"
"257",35241,54,60,0.18,"3","Agrar","normal",NA,"60","WWeizen",1996-06-25,"1996","Jun",52.5,-1.71479842809193,"1996_3","1996_3_Agrar"
"258",35241,54,75,0.149,"3","Agrar","normal",NA,"75","WWeizen",1996-06-25,"1996","Jun",67.5,-1.90380897303668,"1996_3","1996_3_Agrar"
"259",35241,54,90,0.022,"3","Agrar","normal",NA,"90","WWeizen",1996-06-25,"1996","Jun",82.5,-3.81671282562382,"1996_3","1996_3_Agrar"
"260",35241,54,105,0.09,"3","Agrar","normal",NA,"105","WWeizen",1996-06-25,"1996","Jun",97.5,-2.40794560865187,"1996_3","1996_3_Agrar"
"261",35241,54,120,0.039,"3","Agrar","normal",NA,"120","WWeizen",1996-06-25,"1996","Jun",112.5,-3.24419363285249,"1996_3","1996_3_Agrar"
"262",35241,57,15,4.421,"3","Gemüse","reduziert",NA,"15","WWeizen",1996-06-25,"1996","Jun",7.5,1.48636591484411,"1996_3","1996_3_Gemüse"
"263",35241,57,30,3.698,"3","Gemüse","reduziert",NA,"30","WWeizen",1996-06-25,"1996","Jun",22.5,1.30779213296493,"1996_3","1996_3_Gemüse"
"264",35241,57,45,1.766,"3","Gemüse","reduziert",NA,"45","WWeizen",1996-06-25,"1996","Jun",37.5,0.568717102181768,"1996_3","1996_3_Gemüse"
"265",35241,57,60,1.115,"3","Gemüse","reduziert",NA,"60","WWeizen",1996-06-25,"1996","Jun",52.5,0.108854404912082,"1996_3","1996_3_Gemüse"
"266",35241,57,75,0.196,"3","Gemüse","reduziert",NA,"75","WWeizen",1996-06-25,"1996","Jun",67.5,-1.62964061975162,"1996_3","1996_3_Gemüse"
"267",35241,57,90,0.107,"3","Gemüse","reduziert",NA,"90","WWeizen",1996-06-25,"1996","Jun",82.5,-2.23492644452023,"1996_3","1996_3_Gemüse"
"268",35241,57,105,0.034,"3","Gemüse","reduziert",NA,"105","WWeizen",1996-06-25,"1996","Jun",97.5,-3.38139475436598,"1996_3","1996_3_Gemüse"
"269",35241,57,120,0.03,"3","Gemüse","reduziert",NA,"120","WWeizen",1996-06-25,"1996","Jun",112.5,-3.50655789731998,"1996_3","1996_3_Gemüse"
"270",35241,58,15,2.514,"3","Gemüse","normal",NA,"15","WWeizen",1996-06-25,"1996","Jun",7.5,0.921875110168056,"1996_3","1996_3_Gemüse"
"271",35241,58,30,3.329,"3","Gemüse","normal",NA,"30","WWeizen",1996-06-25,"1996","Jun",22.5,1.20267195859289,"1996_3","1996_3_Gemüse"
"272",35241,58,45,1.751,"3","Gemüse","normal",NA,"45","WWeizen",1996-06-25,"1996","Jun",37.5,0.560187053303715,"1996_3","1996_3_Gemüse"
"273",35241,58,60,1.589,"3","Gemüse","normal",NA,"60","WWeizen",1996-06-25,"1996","Jun",52.5,0.463104887554579,"1996_3","1996_3_Gemüse"
"274",35241,58,75,0.604,"3","Gemüse","normal",NA,"75","WWeizen",1996-06-25,"1996","Jun",67.5,-0.504181081047322,"1996_3","1996_3_Gemüse"
"275",35241,58,90,0.115,"3","Gemüse","normal",NA,"90","WWeizen",1996-06-25,"1996","Jun",82.5,-2.16282315061889,"1996_3","1996_3_Gemüse"
"276",35241,58,105,0.568,"3","Gemüse","normal",NA,"105","WWeizen",1996-06-25,"1996","Jun",97.5,-0.565633860260986,"1996_3","1996_3_Gemüse"
"277",35241,58,120,0.142,"3","Gemüse","normal",NA,"120","WWeizen",1996-06-25,"1996","Jun",112.5,-1.95192822138088,"1996_3","1996_3_Gemüse"
"278",35241,61,15,3.329,"3","Agrar","reduziert",NA,"15","WWeizen",1996-06-25,"1996","Jun",7.5,1.20267195859289,"1996_3","1996_3_Agrar"
"279",35241,61,30,2.129,"3","Agrar","reduziert",NA,"30","WWeizen",1996-06-25,"1996","Jun",22.5,0.755652385911342,"1996_3","1996_3_Agrar"
"280",35241,61,45,2.141,"3","Agrar","reduziert",NA,"45","WWeizen",1996-06-25,"1996","Jun",37.5,0.761273009607546,"1996_3","1996_3_Agrar"
"281",35241,61,60,0.152,"3","Agrar","reduziert",NA,"60","WWeizen",1996-06-25,"1996","Jun",52.5,-1.88387475813586,"1996_3","1996_3_Agrar"
"282",35241,61,75,0.058,"3","Agrar","reduziert",NA,"75","WWeizen",1996-06-25,"1996","Jun",67.5,-2.84731226843572,"1996_3","1996_3_Agrar"
"283",35241,61,90,0.026,"3","Agrar","reduziert",NA,"90","WWeizen",1996-06-25,"1996","Jun",82.5,-3.64965874096066,"1996_3","1996_3_Agrar"
"284",35241,61,105,0.065,"3","Agrar","reduziert",NA,"105","WWeizen",1996-06-25,"1996","Jun",97.5,-2.7333680090865,"1996_3","1996_3_Agrar"
"285",35241,61,120,0.099,"3","Agrar","reduziert",NA,"120","WWeizen",1996-06-25,"1996","Jun",112.5,-2.31263542884755,"1996_3","1996_3_Agrar"
"286",35597,12,15,2.429,"1","Gemüse","normal",NA,"15","WWeizen",1997-06-16,"1997","Jun",7.5,0.887479650020035,"1997_1","1997_1_Gemüse"
"287",35597,12,30,2.56,"1","Gemüse","normal",NA,"30","WWeizen",1997-06-16,"1997","Jun",22.5,0.940007258491471,"1997_1","1997_1_Gemüse"
"288",35597,12,45,0.438,"1","Gemüse","normal",NA,"45","WWeizen",1997-06-16,"1997","Jun",37.5,-0.825536368605691,"1997_1","1997_1_Gemüse"
"289",35597,12,60,0.797,"1","Gemüse","normal",NA,"60","WWeizen",1997-06-16,"1997","Jun",52.5,-0.226900600191922,"1997_1","1997_1_Gemüse"
"290",35597,12,75,0.255,"1","Gemüse","normal",NA,"75","WWeizen",1997-06-16,"1997","Jun",67.5,-1.36649173382371,"1997_1","1997_1_Gemüse"
"291",35597,12,90,0.284,"1","Gemüse","normal",NA,"90","WWeizen",1997-06-16,"1997","Jun",82.5,-1.25878104082093,"1997_1","1997_1_Gemüse"
"292",35597,12,105,0.234,"1","Gemüse","normal",NA,"105","WWeizen",1997-06-16,"1997","Jun",97.5,-1.45243416362444,"1997_1","1997_1_Gemüse"
"293",35597,12,120,0.032,"1","Gemüse","normal",NA,"120","WWeizen",1997-06-16,"1997","Jun",112.5,-3.44201937618241,"1997_1","1997_1_Gemüse"
"294",35597,13,15,3.392,"1","Agrar","reduziert",NA,"15","WWeizen",1997-06-16,"1997","Jun",7.5,1.22141971792966,"1997_1","1997_1_Agrar"
"295",35597,13,30,2.954,"1","Agrar","reduziert",NA,"30","WWeizen",1997-06-16,"1997","Jun",22.5,1.08316018410919,"1997_1","1997_1_Agrar"
"296",35597,13,45,0.828,"1","Agrar","reduziert",NA,"45","WWeizen",1997-06-16,"1997","Jun",37.5,-0.188742124596877,"1997_1","1997_1_Agrar"
"297",35597,13,60,0.61,"1","Agrar","reduziert",NA,"60","WWeizen",1997-06-16,"1997","Jun",52.5,-0.49429632181478,"1997_1","1997_1_Agrar"
"298",35597,13,75,0.159,"1","Agrar","reduziert",NA,"75","WWeizen",1997-06-16,"1997","Jun",67.5,-1.83885107676191,"1997_1","1997_1_Agrar"
"299",35597,13,90,0.229,"1","Agrar","reduziert",NA,"90","WWeizen",1997-06-16,"1997","Jun",82.5,-1.4740332754279,"1997_1","1997_1_Agrar"
"300",35597,13,105,0.657,"1","Agrar","reduziert",NA,"105","WWeizen",1997-06-16,"1997","Jun",97.5,-0.420071260497527,"1997_1","1997_1_Agrar"
"301",35597,13,120,0.461,"1","Agrar","reduziert",NA,"120","WWeizen",1997-06-16,"1997","Jun",112.5,-0.774357235985488,"1997_1","1997_1_Agrar"
"302",35597,14,15,2.495,"1","Agrar","normal",NA,"15","WWeizen",1997-06-16,"1997","Jun",7.5,0.914288729203482,"1997_1","1997_1_Agrar"
"303",35597,14,30,2.517,"1","Agrar","normal",NA,"30","WWeizen",1997-06-16,"1997","Jun",22.5,0.923067716153179,"1997_1","1997_1_Agrar"
"304",35597,14,45,0.693,"1","Agrar","normal",NA,"45","WWeizen",1997-06-16,"1997","Jun",37.5,-0.366725279792234,"1997_1","1997_1_Agrar"
"305",35597,14,60,0.37,"1","Agrar","normal",NA,"60","WWeizen",1997-06-16,"1997","Jun",52.5,-0.994252273343867,"1997_1","1997_1_Agrar"
"306",35597,14,75,0.065,"1","Agrar","normal",NA,"75","WWeizen",1997-06-16,"1997","Jun",67.5,-2.7333680090865,"1997_1","1997_1_Agrar"
"307",35597,14,90,0.023,"1","Agrar","normal",NA,"90","WWeizen",1997-06-16,"1997","Jun",82.5,-3.77226106305299,"1997_1","1997_1_Agrar"
"308",35597,14,105,0.008,"1","Agrar","normal",NA,"105","WWeizen",1997-06-16,"1997","Jun",97.5,-4.8283137373023,"1997_1","1997_1_Agrar"
"309",35597,14,120,0.007,"1","Agrar","normal",NA,"120","WWeizen",1997-06-16,"1997","Jun",112.5,-4.96184512992682,"1997_1","1997_1_Agrar"
"310",35597,15,15,2.046,"1","Gemüse","reduziert",NA,"15","WWeizen",1997-06-16,"1997","Jun",7.5,0.715886667529435,"1997_1","1997_1_Gemüse"
"311",35597,15,30,3.129,"1","Gemüse","reduziert",NA,"30","WWeizen",1997-06-16,"1997","Jun",22.5,1.14071346468675,"1997_1","1997_1_Gemüse"
"312",35597,15,45,1.674,"1","Gemüse","reduziert",NA,"45","WWeizen",1997-06-16,"1997","Jun",37.5,0.515215972067284,"1997_1","1997_1_Gemüse"
"313",35597,15,60,0.615,"1","Gemüse","reduziert",NA,"60","WWeizen",1997-06-16,"1997","Jun",52.5,-0.486133011175619,"1997_1","1997_1_Gemüse"
"314",35597,15,75,0.083,"1","Gemüse","reduziert",NA,"75","WWeizen",1997-06-16,"1997","Jun",67.5,-2.48891467118554,"1997_1","1997_1_Gemüse"
"315",35597,15,90,0.074,"1","Gemüse","reduziert",NA,"90","WWeizen",1997-06-16,"1997","Jun",82.5,-2.60369018577797,"1997_1","1997_1_Gemüse"
"316",35597,15,105,0.048,"1","Gemüse","reduziert",NA,"105","WWeizen",1997-06-16,"1997","Jun",97.5,-3.03655426807425,"1997_1","1997_1_Gemüse"
"317",35597,15,120,0.033,"1","Gemüse","reduziert",NA,"120","WWeizen",1997-06-16,"1997","Jun",112.5,-3.41124771751566,"1997_1","1997_1_Gemüse"
"318",35597,30,15,2.878,"2","Agrar","reduziert",NA,"15","WWeizen",1997-06-16,"1997","Jun",7.5,1.05709560846518,"1997_2","1997_2_Agrar"
"319",35597,30,30,2.681,"2","Agrar","reduziert",NA,"30","WWeizen",1997-06-16,"1997","Jun",22.5,0.986189859253822,"1997_2","1997_2_Agrar"
"320",35597,30,45,1.751,"2","Agrar","reduziert",NA,"45","WWeizen",1997-06-16,"1997","Jun",37.5,0.560187053303715,"1997_2","1997_2_Agrar"
"321",35597,30,60,0.49,"2","Agrar","reduziert",NA,"60","WWeizen",1997-06-16,"1997","Jun",52.5,-0.713349887877465,"1997_2","1997_2_Agrar"
"322",35597,30,75,0.399,"2","Agrar","reduziert",NA,"75","WWeizen",1997-06-16,"1997","Jun",67.5,-0.918793862092274,"1997_2","1997_2_Agrar"
"323",35597,30,90,0.573,"2","Agrar","reduziert",NA,"90","WWeizen",1997-06-16,"1997","Jun",82.5,-0.556869562267398,"1997_2","1997_2_Agrar"
"324",35597,30,105,0.427,"2","Agrar","reduziert",NA,"105","WWeizen",1997-06-16,"1997","Jun",97.5,-0.850971265753513,"1997_2","1997_2_Agrar"
"325",35597,30,120,0.065,"2","Agrar","reduziert",NA,"120","WWeizen",1997-06-16,"1997","Jun",112.5,-2.7333680090865,"1997_2","1997_2_Agrar"
"326",35597,32,15,3.294,"2","Agrar","normal",NA,"15","WWeizen",1997-06-16,"1997","Jun",7.5,1.19210263175545,"1997_2","1997_2_Agrar"
"327",35597,32,30,3.129,"2","Agrar","normal",NA,"30","WWeizen",1997-06-16,"1997","Jun",22.5,1.14071346468675,"1997_2","1997_2_Agrar"
"328",35597,32,45,0.907,"2","Agrar","normal",NA,"45","WWeizen",1997-06-16,"1997","Jun",37.5,-0.0976128288670004,"1997_2","1997_2_Agrar"
"329",35597,32,60,0.667,"2","Agrar","normal",NA,"60","WWeizen",1997-06-16,"1997","Jun",52.5,-0.404965233066513,"1997_2","1997_2_Agrar"
"330",35597,32,75,0.261,"2","Agrar","normal",NA,"75","WWeizen",1997-06-16,"1997","Jun",67.5,-1.34323487165944,"1997_2","1997_2_Agrar"
"331",35597,32,90,0.255,"2","Agrar","normal",NA,"90","WWeizen",1997-06-16,"1997","Jun",82.5,-1.36649173382371,"1997_2","1997_2_Agrar"
"332",35597,32,105,0.047,"2","Agrar","normal",NA,"105","WWeizen",1997-06-16,"1997","Jun",97.5,-3.05760767727208,"1997_2","1997_2_Agrar"
"333",35597,32,120,0.009,"2","Agrar","normal",NA,"120","WWeizen",1997-06-16,"1997","Jun",112.5,-4.71053070164592,"1997_2","1997_2_Agrar"
"334",35597,46,15,3.053,"2","Gemüse","normal",NA,"15","WWeizen",1997-06-16,"1997","Jun",7.5,1.11612471375274,"1997_2","1997_2_Gemüse"
"335",35597,46,30,1.816,"2","Gemüse","normal",NA,"30","WWeizen",1997-06-16,"1997","Jun",22.5,0.596636280179102,"1997_2","1997_2_Gemüse"
"336",35597,46,45,1.127,"2","Gemüse","normal",NA,"45","WWeizen",1997-06-16,"1997","Jun",37.5,0.119559235057639,"1997_2","1997_2_Gemüse"
"337",35597,46,60,2.943,"2","Gemüse","normal",NA,"60","WWeizen",1997-06-16,"1997","Jun",52.5,1.07942946925134,"1997_2","1997_2_Gemüse"
"338",35597,46,75,0.386,"2","Gemüse","normal",NA,"75","WWeizen",1997-06-16,"1997","Jun",67.5,-0.951917909517306,"1997_2","1997_2_Gemüse"
"339",35597,46,90,0.095,"2","Gemüse","normal",NA,"90","WWeizen",1997-06-16,"1997","Jun",82.5,-2.3538783873816,"1997_2","1997_2_Gemüse"
"340",35597,46,105,0.018,"2","Gemüse","normal",NA,"105","WWeizen",1997-06-16,"1997","Jun",97.5,-4.01738352108597,"1997_2","1997_2_Gemüse"
"341",35597,46,120,0.026,"2","Gemüse","normal",NA,"120","WWeizen",1997-06-16,"1997","Jun",112.5,-3.64965874096066,"1997_2","1997_2_Gemüse"
"342",35597,50,15,2.309,"2","Gemüse","reduziert",NA,"15","WWeizen",1997-06-16,"1997","Jun",7.5,0.836814530372358,"1997_2","1997_2_Gemüse"
"343",35597,50,30,2.856,"2","Gemüse","reduziert",NA,"30","WWeizen",1997-06-16,"1997","Jun",22.5,1.04942204447734,"1997_2","1997_2_Gemüse"
"344",35597,50,45,0.946,"2","Gemüse","reduziert",NA,"45","WWeizen",1997-06-16,"1997","Jun",37.5,-0.0555127099302588,"1997_2","1997_2_Gemüse"
"345",35597,50,60,0.933,"2","Gemüse","reduziert",NA,"60","WWeizen",1997-06-16,"1997","Jun",52.5,-0.0693500781347932,"1997_2","1997_2_Gemüse"
"346",35597,50,75,1.154,"2","Gemüse","reduziert",NA,"75","WWeizen",1997-06-16,"1997","Jun",67.5,0.143234168085908,"1997_2","1997_2_Gemüse"
"347",35597,50,90,0.672,"2","Gemüse","reduziert",NA,"90","WWeizen",1997-06-16,"1997","Jun",82.5,-0.397496938458987,"1997_2","1997_2_Gemüse"
"348",35597,50,105,0.37,"2","Gemüse","reduziert",NA,"105","WWeizen",1997-06-16,"1997","Jun",97.5,-0.994252273343867,"1997_2","1997_2_Gemüse"
"349",35597,50,120,0.36,"2","Gemüse","reduziert",NA,"120","WWeizen",1997-06-16,"1997","Jun",112.5,-1.02165124753198,"1997_2","1997_2_Gemüse"
"350",35597,56,15,2.418,"3","Agrar","normal",NA,"15","WWeizen",1997-06-16,"1997","Jun",7.5,0.882940752192601,"1997_3","1997_3_Agrar"
"351",35597,56,30,2.517,"3","Agrar","normal",NA,"30","WWeizen",1997-06-16,"1997","Jun",22.5,0.923067716153179,"1997_3","1997_3_Agrar"
"352",35597,56,45,1.773,"3","Agrar","normal",NA,"45","WWeizen",1997-06-16,"1997","Jun",37.5,0.572673027092071,"1997_3","1997_3_Agrar"
"353",35597,56,60,1.211,"3","Agrar","normal",NA,"60","WWeizen",1997-06-16,"1997","Jun",52.5,0.191446464570955,"1997_3","1997_3_Agrar"
"354",35597,56,75,1.93,"3","Agrar","normal",NA,"75","WWeizen",1997-06-16,"1997","Jun",67.5,0.657520002916794,"1997_3","1997_3_Agrar"
"355",35597,56,90,0.891,"3","Agrar","normal",NA,"90","WWeizen",1997-06-16,"1997","Jun",82.5,-0.115410851511328,"1997_3","1997_3_Agrar"
"356",35597,56,105,1.416,"3","Agrar","normal",NA,"105","WWeizen",1997-06-16,"1997","Jun",97.5,0.347835995271528,"1997_3","1997_3_Agrar"
"357",35597,56,120,0.054,"3","Agrar","normal",NA,"120","WWeizen",1997-06-16,"1997","Jun",112.5,-2.91877123241786,"1997_3","1997_3_Agrar"
"358",35597,59,15,2.528,"3","Agrar","reduziert",NA,"15","WWeizen",1997-06-16,"1997","Jun",7.5,0.927428476284611,"1997_3","1997_3_Agrar"
"359",35597,59,30,3.25,"3","Agrar","reduziert",NA,"30","WWeizen",1997-06-16,"1997","Jun",22.5,1.17865499634165,"1997_3","1997_3_Agrar"
"360",35597,59,45,1.149,"3","Agrar","reduziert",NA,"45","WWeizen",1997-06-16,"1997","Jun",37.5,0.138891998866619,"1997_3","1997_3_Agrar"
"361",35597,59,60,1.008,"3","Agrar","reduziert",NA,"60","WWeizen",1997-06-16,"1997","Jun",52.5,0.00796816964917688,"1997_3","1997_3_Agrar"
"362",35597,59,75,0.63,"3","Agrar","reduziert",NA,"75","WWeizen",1997-06-16,"1997","Jun",67.5,-0.462035459596559,"1997_3","1997_3_Agrar"
"363",35597,59,90,0.578,"3","Agrar","reduziert",NA,"90","WWeizen",1997-06-16,"1997","Jun",82.5,-0.54818141030976,"1997_3","1997_3_Agrar"
"364",35597,59,105,0.537,"3","Agrar","reduziert",NA,"105","WWeizen",1997-06-16,"1997","Jun",97.5,-0.621757184473272,"1997_3","1997_3_Agrar"
"365",35597,59,120,0.095,"3","Agrar","reduziert",NA,"120","WWeizen",1997-06-16,"1997","Jun",112.5,-2.3538783873816,"1997_3","1997_3_Agrar"
"366",35597,63,15,1.959,"3","Gemüse","normal",NA,"15","WWeizen",1997-06-16,"1997","Jun",7.5,0.672434138962404,"1997_3","1997_3_Gemüse"
"367",35597,63,30,3.819,"3","Gemüse","normal",NA,"30","WWeizen",1997-06-16,"1997","Jun",22.5,1.33998860824338,"1997_3","1997_3_Gemüse"
"368",35597,63,45,1.247,"3","Gemüse","normal",NA,"45","WWeizen",1997-06-16,"1997","Jun",37.5,0.220740666697899,"1997_3","1997_3_Gemüse"
"369",35597,63,60,1.665,"3","Gemüse","normal",NA,"60","WWeizen",1997-06-16,"1997","Jun",52.5,0.509825123432407,"1997_3","1997_3_Gemüse"
"370",35597,63,75,0.607,"3","Gemüse","normal",NA,"75","WWeizen",1997-06-16,"1997","Jun",67.5,-0.499226487922639,"1997_3","1997_3_Gemüse"
"371",35597,63,90,0.183,"3","Gemüse","normal",NA,"90","WWeizen",1997-06-16,"1997","Jun",82.5,-1.69826912614072,"1997_3","1997_3_Gemüse"
"372",35597,63,105,0.118,"3","Gemüse","normal",NA,"105","WWeizen",1997-06-16,"1997","Jun",97.5,-2.13707065451647,"1997_3","1997_3_Gemüse"
"373",35597,63,120,0.114,"3","Gemüse","normal",NA,"120","WWeizen",1997-06-16,"1997","Jun",112.5,-2.17155683058764,"1997_3","1997_3_Gemüse"
"374",35597,68,15,2.385,"3","Gemüse","reduziert",NA,"15","WWeizen",1997-06-16,"1997","Jun",7.5,0.869199124340304,"1997_3","1997_3_Gemüse"
"375",35597,68,30,2.637,"3","Gemüse","reduziert",NA,"30","WWeizen",1997-06-16,"1997","Jun",22.5,0.96964190737115,"1997_3","1997_3_Gemüse"
"376",35597,68,45,0.954,"3","Gemüse","reduziert",NA,"45","WWeizen",1997-06-16,"1997","Jun",37.5,-0.0470916075338506,"1997_3","1997_3_Gemüse"
"377",35597,68,60,0.154,"3","Gemüse","reduziert",NA,"60","WWeizen",1997-06-16,"1997","Jun",52.5,-1.87080267656851,"1997_3","1997_3_Gemüse"
"378",35597,68,75,0.352,"3","Gemüse","reduziert",NA,"75","WWeizen",1997-06-16,"1997","Jun",67.5,-1.04412410338404,"1997_3","1997_3_Gemüse"
"379",35597,68,90,0.038,"3","Gemüse","reduziert",NA,"90","WWeizen",1997-06-16,"1997","Jun",82.5,-3.27016911925575,"1997_3","1997_3_Gemüse"
"380",35597,68,105,0.005,"3","Gemüse","reduziert",NA,"105","WWeizen",1997-06-16,"1997","Jun",97.5,-5.29831736654804,"1997_3","1997_3_Gemüse"
"381",35597,68,120,0.01,"3","Gemüse","reduziert",NA,"120","WWeizen",1997-06-16,"1997","Jun",112.5,-4.60517018598809,"1997_3","1997_3_Gemüse"
